{
	"textures": {
		"0": "minecraft:entity/witch"
	},
	"elements": [
		{
			"name": "face",
			"from": [4, 0, 4],
			"to": [12, 10, 12],
			"rotation": {"angle": 0, "axis": "y", "origin": [12, 8, 12]},
			"faces": {
				"north": {"uv": [2, 1, 4, 2.25], "texture": "#0"},
				"east": {"uv": [0, 1, 2, 2.25], "texture": "#0"},
				"south": {"uv": [6.25, 1, 8, 2.25], "texture": "#0"},
				"west": {"uv": [4, 1, 6, 2.25], "texture": "#0"},
				"up": {"uv": [2, 0, 4, 1], "texture": "#0"},
				"down": {"uv": [4, 0, 6, 1], "texture": "#0"}
			}
		},
		{
			"name": "nose",
			"from": [7, -1, 1.999],
			"to": [9, 3, 3.999],
			"rotation": {"angle": 0, "axis": "y", "origin": [15, 7, 11]},
			"faces": {
				"north": {"uv": [6.5, 0.25, 7, 0.75], "texture": "#0"},
				"east": {"uv": [6, 0.25, 6.5, 0.75], "texture": "#0"},
				"south": {"uv": [7.5, 0.25, 8, 0.75], "texture": "#0"},
				"west": {"uv": [7, 0.25, 7.5, 0.75], "texture": "#0"},
				"up": {"uv": [7, 0, 7.5, 0.25], "texture": "#0"},
				"down": {"uv": [6.5, 0, 7, 0.25], "texture": "#0"}
			}
		},
		{
			"name": "nose",
			"from": [7.5, 0, 1.5],
			"to": [8, 0.5, 2],
			"rotation": {"angle": 0, "axis": "y", "origin": [15, 7, 11]},
			"faces": {
				"north": {"uv": [0.25, 0.125, 0.5, 0.25], "texture": "#0"},
				"east": {"uv": [0, 0.125, 0.25, 0.25], "texture": "#0"},
				"south": {"uv": [0.75, 0.125, 1, 0.25], "texture": "#0"},
				"west": {"uv": [0.5, 0.125, 0.75, 0.25], "texture": "#0"},
				"up": {"uv": [0.25, 0, 0.5, 0.125], "texture": "#0"},
				"down": {"uv": [0.25, 0, 0.5, 0.125], "texture": "#0"}
			}
		},
		{
			"name": "Part1",
			"from": [3, 8.001, 3],
			"to": [13, 10.001, 13],
			"rotation": {"angle": 0, "axis": "y", "origin": [7.5, 18.25, 7.5]},
			"faces": {
				"north": {"uv": [0, 9.25, 2.5, 9.5], "texture": "#0"},
				"east": {"uv": [0, 9.25, 2.5, 9.5], "texture": "#0"},
				"south": {"uv": [7.5, 9.25, 10, 9.5], "texture": "#0"},
				"west": {"uv": [5, 9.25, 7.5, 9.5], "texture": "#0"},
				"up": {"uv": [2.5, 8, 5, 9.25], "texture": "#0"},
				"down": {"uv": [5, 8, 7.5, 9.25], "texture": "#0"}
			}
		},
		{
			"name": "Part2",
			"from": [4.5, 10, 4.5],
			"to": [11.5, 14, 11.5],
			"rotation": {"angle": 0, "axis": "y", "origin": [7.5, 18.25, 7.5]},
			"faces": {
				"north": {"uv": [1.75, 10.375, 3.5, 10.875], "texture": "#0"},
				"east": {"uv": [0, 10.375, 1.75, 10.875], "texture": "#0"},
				"south": {"uv": [5.25, 10.375, 7, 10.875], "texture": "#0"},
				"west": {"uv": [3.5, 10.375, 5.25, 10.875], "texture": "#0"},
				"up": {"uv": [1.75, 9.5, 3.5, 10.375], "texture": "#0"},
				"down": {"uv": [3.5, 9.5, 5.25, 10.375], "texture": "#0"}
			}
		},
		{
			"name": "Part3",
			"from": [6, 14, 6],
			"to": [10, 18, 10],
			"rotation": {"angle": 0, "axis": "y", "origin": [7.5, 18.25, 7.5]},
			"faces": {
				"north": {"uv": [1, 11.375, 2, 11.875], "texture": "#0"},
				"east": {"uv": [0, 11.375, 1, 11.875], "texture": "#0"},
				"south": {"uv": [3, 11.375, 4, 11.875], "texture": "#0"},
				"west": {"uv": [2, 11.375, 3, 11.875], "texture": "#0"},
				"up": {"uv": [1, 10.875, 2, 11.375], "texture": "#0"},
				"down": {"uv": [2, 10.875, 3, 11.375], "texture": "#0"}
			}
		},
		{
			"name": "Tip",
			"from": [7.5, 17.5, 8],
			"to": [8.5, 19.5, 9],
			"rotation": {"angle": 22.5, "axis": "x", "origin": [7.5, 19.75, 9]},
			"faces": {
				"north": {"uv": [0.25, 12, 0.5, 12.25], "texture": "#0"},
				"east": {"uv": [0, 12, 0.25, 12.25], "texture": "#0"},
				"south": {"uv": [0.75, 12, 1, 12.25], "texture": "#0"},
				"west": {"uv": [0.5, 12, 0.75, 12.25], "texture": "#0"},
				"up": {"uv": [0.25, 11.875, 0.5, 12], "texture": "#0"},
				"down": {"uv": [0.5, 11.875, 0.75, 12], "texture": "#0"}
			}
		}
	],
	"display": {
		"head": {
			"translation": [0, 6.5, 0],
			"scale": [1.601, 1.601, 1.601]
		}
	}
}
