{
	"credit": "Made with Blockbench",
	"texture_size": [96, 96],
	"textures": {
		"0": "manic:entity/eidolon_walking",
		"particle": "manic:entity/eidolon_walking"
	},
	"elements": [
		{
			"name": "Head",
			"from": [2.5, 21, 4],
			"to": [13.5, 29, 12],
			"rotation": {"angle": 0, "axis": "y", "origin": [8, 18, 8]},
			"faces": {
				"north": {"uv": [1.33333, 1.33333, 3.16667, 2.66667], "texture": "#0", "tintindex": 0},
				"east": {"uv": [0, 1.33333, 1.33333, 2.66667], "texture": "#0", "tintindex": 0},
				"south": {"uv": [4.5, 1.33333, 6.33333, 2.66667], "texture": "#0", "tintindex": 0},
				"west": {"uv": [3.16667, 1.33333, 4.5, 2.66667], "texture": "#0", "tintindex": 0},
				"up": {"uv": [1.33333, 0, 3.16667, 1.33333], "rotation": 180, "texture": "#0", "tintindex": 0},
				"down": {"uv": [3.16667, 0, 5, 1.33333], "texture": "#0", "tintindex": 0}
			}
		},
		{
			"name": "Torso",
			"from": [4.5, 14, 6],
			"to": [11.5, 21, 10],
			"rotation": {"angle": 0, "axis": "y", "origin": [8, 18, 8]},
			"faces": {
				"north": {"uv": [7, 4.66667, 8.16667, 5.83333], "texture": "#0", "tintindex": 0},
				"east": {"uv": [6.33333, 4.66667, 7, 5.83333], "texture": "#0", "tintindex": 0},
				"south": {"uv": [8.83333, 4.66667, 10, 5.83333], "texture": "#0", "tintindex": 0},
				"west": {"uv": [8.16667, 4.66667, 8.83333, 5.83333], "texture": "#0", "tintindex": 0},
				"up": {"uv": [7, 4, 8.16667, 4.66667], "rotation": 180, "texture": "#0", "tintindex": 0},
				"down": {"uv": [8.16667, 4, 9.33333, 4.66667], "texture": "#0", "tintindex": 0}
			}
		},
		{
			"name": "Spine",
			"from": [7, 8, 7],
			"to": [9, 14, 9],
			"rotation": {"angle": 0, "axis": "y", "origin": [8, 12, 8]},
			"faces": {
				"north": {"uv": [6.66667, 0.33333, 7, 1.33333], "texture": "#0", "tintindex": 0},
				"east": {"uv": [6.33333, 0.33333, 6.66667, 1.33333], "texture": "#0", "tintindex": 0},
				"south": {"uv": [7.33333, 0.33333, 7.66667, 1.33333], "texture": "#0", "tintindex": 0},
				"west": {"uv": [7, 0.33333, 7.33333, 1.33333], "texture": "#0", "tintindex": 0},
				"up": {"uv": [6.66667, 0, 7, 0.33333], "rotation": 180, "texture": "#0", "tintindex": 0},
				"down": {"uv": [7, 0, 7.33333, 0.33333], "texture": "#0", "tintindex": 0}
			}
		},
		{
			"name": "Hip",
			"from": [6, 2, 6],
			"to": [10, 8, 10],
			"rotation": {"angle": 0, "axis": "y", "origin": [7, 2, 7]},
			"faces": {
				"north": {"uv": [0.66667, 8.66667, 1.33333, 9.66667], "texture": "#0", "tintindex": 0},
				"east": {"uv": [0, 8.66667, 0.66667, 9.66667], "texture": "#0", "tintindex": 0},
				"south": {"uv": [2, 8.66667, 2.66667, 9.66667], "texture": "#0", "tintindex": 0},
				"west": {"uv": [1.33333, 8.66667, 2, 9.66667], "texture": "#0", "tintindex": 0},
				"up": {"uv": [0.66667, 8, 1.33333, 8.66667], "rotation": 180, "texture": "#0", "tintindex": 0},
				"down": {"uv": [1.33333, 8, 2, 8.66667], "texture": "#0", "tintindex": 0}
			}
		},
		{
			"name": "Legs0",
			"from": [9, -6, 8],
			"to": [19, 10, 8],
			"rotation": {"angle": 22.5, "axis": "z", "origin": [9, 6, 8]},
			"faces": {
				"north": {"uv": [10.5, 0.16667, 12.16667, 2.83333], "texture": "#0", "tintindex": 0},
				"south": {"uv": [12.16667, 0.16667, 10.5, 2.83333], "texture": "#0", "tintindex": 0}
			}
		},
		{
			"name": "Legs1",
			"from": [-3, -6, 8],
			"to": [7, 10, 8],
			"shade": false,
			"rotation": {"angle": -22.5, "axis": "z", "origin": [7, 6, 8]},
			"faces": {
				"north": {"uv": [12.16667, 0.16667, 10.5, 2.83333], "texture": "#0", "tintindex": 0},
				"south": {"uv": [10.5, 0.16667, 12.16667, 2.83333], "texture": "#0", "tintindex": 0}
			}
		},
		{
			"name": "Head",
			"from": [2.5, 22, 4],
			"to": [13.5, 30, 12],
			"rotation": {"angle": 0, "axis": "y", "origin": [8, 19, 8]},
			"faces": {
				"north": {"uv": [1.33333, 4, 3.16667, 5.33333], "texture": "#0", "tintindex": 0},
				"east": {"uv": [0, 4, 1.33333, 5.33333], "texture": "#0", "tintindex": 0},
				"south": {"uv": [4.5, 4, 6.33333, 5.33333], "texture": "#0", "tintindex": 0},
				"west": {"uv": [3.16667, 4, 4.5, 5.33333], "texture": "#0", "tintindex": 0},
				"up": {"uv": [1.33333, 2.66667, 3.16667, 4], "rotation": 180, "texture": "#0", "tintindex": 0},
				"down": {"uv": [3.16667, 2.66667, 5, 4], "texture": "#0", "tintindex": 0}
			}
		},
		{
			"name": "Torso",
			"from": [4.5, 15, 6],
			"to": [11.5, 22, 10],
			"rotation": {"angle": 0, "axis": "y", "origin": [8, 19, 8]},
			"faces": {
				"north": {"uv": [7, 6.5, 8.16667, 7.66667], "texture": "#0", "tintindex": 0},
				"east": {"uv": [6.33333, 6.5, 7, 7.66667], "texture": "#0", "tintindex": 0},
				"south": {"uv": [8.83333, 6.5, 10, 7.66667], "texture": "#0", "tintindex": 0},
				"west": {"uv": [8.16667, 6.5, 8.83333, 7.66667], "texture": "#0", "tintindex": 0},
				"up": {"uv": [7, 5.83333, 8.16667, 6.5], "rotation": 180, "texture": "#0", "tintindex": 0},
				"down": {"uv": [8.16667, 5.83333, 9.33333, 6.5], "texture": "#0", "tintindex": 0}
			}
		},
		{
			"name": "Spine",
			"from": [7, 9, 7],
			"to": [9, 15, 9],
			"rotation": {"angle": 0, "axis": "y", "origin": [8, 13, 8]},
			"faces": {
				"north": {"uv": [6.66667, 1.66667, 7, 2.66667], "texture": "#0", "tintindex": 0},
				"east": {"uv": [6.33333, 1.66667, 6.66667, 2.66667], "texture": "#0", "tintindex": 0},
				"south": {"uv": [7.33333, 1.66667, 7.66667, 2.66667], "texture": "#0", "tintindex": 0},
				"west": {"uv": [7, 1.66667, 7.33333, 2.66667], "texture": "#0", "tintindex": 0},
				"up": {"uv": [6.66667, 1.33333, 7, 1.66667], "rotation": 180, "texture": "#0", "tintindex": 0},
				"down": {"uv": [7, 1.33333, 7.33333, 1.66667], "texture": "#0", "tintindex": 0}
			}
		},
		{
			"name": "Hip",
			"from": [6, 3, 6],
			"to": [10, 9, 10],
			"rotation": {"angle": 0, "axis": "y", "origin": [7, 3, 7]},
			"faces": {
				"north": {"uv": [0.66667, 10.33333, 1.33333, 11.33333], "texture": "#0", "tintindex": 0},
				"east": {"uv": [0, 10.33333, 0.66667, 11.33333], "texture": "#0", "tintindex": 0},
				"south": {"uv": [2, 10.33333, 2.66667, 11.33333], "texture": "#0", "tintindex": 0},
				"west": {"uv": [1.33333, 10.33333, 2, 11.33333], "texture": "#0", "tintindex": 0},
				"up": {"uv": [0.66667, 9.66667, 1.33333, 10.33333], "rotation": 180, "texture": "#0", "tintindex": 0},
				"down": {"uv": [1.33333, 9.66667, 2, 10.33333], "texture": "#0", "tintindex": 0}
			}
		},
		{
			"name": "Legs0",
			"from": [9, -5, 8],
			"to": [19, 11, 8],
			"rotation": {"angle": 22.5, "axis": "z", "origin": [9, 7, 8]},
			"faces": {
				"north": {"uv": [12.33333, 0.16667, 14, 2.83333], "texture": "#0", "tintindex": 0},
				"south": {"uv": [14, 0.16667, 12.33333, 2.83333], "texture": "#0", "tintindex": 0}
			}
		},
		{
			"name": "Legs1",
			"from": [-3, -5, 8],
			"to": [7, 11, 8],
			"shade": false,
			"rotation": {"angle": -22.5, "axis": "z", "origin": [7, 7, 8]},
			"faces": {
				"north": {"uv": [14, 0.16667, 12.33333, 2.83333], "texture": "#0", "tintindex": 0},
				"south": {"uv": [12.33333, 0.16667, 14, 2.83333], "texture": "#0", "tintindex": 0}
			}
		},
		{
			"name": "Head",
			"from": [2.5, 23, 4],
			"to": [13.5, 31, 12],
			"rotation": {"angle": 0, "axis": "y", "origin": [8, 20, 8]},
			"faces": {
				"north": {"uv": [1.33333, 6.66667, 3.16667, 8], "texture": "#0", "tintindex": 0},
				"east": {"uv": [0, 6.66667, 1.33333, 8], "texture": "#0", "tintindex": 0},
				"south": {"uv": [4.5, 6.66667, 6.33333, 8], "texture": "#0", "tintindex": 0},
				"west": {"uv": [3.16667, 6.66667, 4.5, 8], "texture": "#0", "tintindex": 0},
				"up": {"uv": [1.33333, 5.33333, 3.16667, 6.66667], "rotation": 180, "texture": "#0", "tintindex": 0},
				"down": {"uv": [3.16667, 5.33333, 5, 6.66667], "texture": "#0", "tintindex": 0}
			}
		},
		{
			"name": "Torso",
			"from": [4.5, 16, 6],
			"to": [11.5, 23, 10],
			"rotation": {"angle": 0, "axis": "y", "origin": [8, 20, 8]},
			"faces": {
				"north": {"uv": [7, 8.33333, 8.16667, 9.5], "texture": "#0", "tintindex": 0},
				"east": {"uv": [6.33333, 8.33333, 7, 9.5], "texture": "#0", "tintindex": 0},
				"south": {"uv": [8.83333, 8.33333, 10, 9.5], "texture": "#0", "tintindex": 0},
				"west": {"uv": [8.16667, 8.33333, 8.83333, 9.5], "texture": "#0", "tintindex": 0},
				"up": {"uv": [7, 7.66667, 8.16667, 8.33333], "rotation": 180, "texture": "#0", "tintindex": 0},
				"down": {"uv": [8.16667, 7.66667, 9.33333, 8.33333], "texture": "#0", "tintindex": 0}
			}
		},
		{
			"name": "Spine",
			"from": [7, 10, 7],
			"to": [9, 16, 9],
			"rotation": {"angle": 0, "axis": "y", "origin": [8, 14, 8]},
			"faces": {
				"north": {"uv": [6.66667, 3, 7, 4], "texture": "#0", "tintindex": 0},
				"east": {"uv": [6.33333, 3, 6.66667, 4], "texture": "#0", "tintindex": 0},
				"south": {"uv": [7.33333, 3, 7.66667, 4], "texture": "#0", "tintindex": 0},
				"west": {"uv": [7, 3, 7.33333, 4], "texture": "#0", "tintindex": 0},
				"up": {"uv": [6.66667, 2.66667, 7, 3], "rotation": 180, "texture": "#0", "tintindex": 0},
				"down": {"uv": [7, 2.66667, 7.33333, 3], "texture": "#0", "tintindex": 0}
			}
		},
		{
			"name": "Hip",
			"from": [6, 4, 6],
			"to": [10, 10, 10],
			"rotation": {"angle": 0, "axis": "y", "origin": [7, 4, 7]},
			"faces": {
				"north": {"uv": [0.66667, 12, 1.33333, 13], "texture": "#0", "tintindex": 0},
				"east": {"uv": [0, 12, 0.66667, 13], "texture": "#0", "tintindex": 0},
				"south": {"uv": [2, 12, 2.66667, 13], "texture": "#0", "tintindex": 0},
				"west": {"uv": [1.33333, 12, 2, 13], "texture": "#0", "tintindex": 0},
				"up": {"uv": [0.66667, 11.33333, 1.33333, 12], "rotation": 180, "texture": "#0", "tintindex": 0},
				"down": {"uv": [1.33333, 11.33333, 2, 12], "texture": "#0", "tintindex": 0}
			}
		},
		{
			"name": "Legs0",
			"from": [9, -4, 8],
			"to": [19, 12, 8],
			"rotation": {"angle": 22.5, "axis": "z", "origin": [9, 8, 8]},
			"faces": {
				"north": {"uv": [14.16667, 0.16667, 15.83333, 2.83333], "texture": "#0", "tintindex": 0},
				"south": {"uv": [15.83333, 0.16667, 14.16667, 2.83333], "texture": "#0", "tintindex": 0}
			}
		},
		{
			"name": "Legs1",
			"from": [-3, -4, 8],
			"to": [7, 12, 8],
			"shade": false,
			"rotation": {"angle": -22.5, "axis": "z", "origin": [7, 8, 8]},
			"faces": {
				"north": {"uv": [15.83333, 0.16667, 14.16667, 2.83333], "texture": "#0", "tintindex": 0},
				"south": {"uv": [14.16667, 0.16667, 15.83333, 2.83333], "texture": "#0", "tintindex": 0}
			}
		}
	],
	"display": {
		"ground": {
			"rotation": [0, -180, 0],
			"translation": [0, -9.5, -6]
		},
		"head": {
			"translation": [0, -26.75, 0],
			"scale": [1.62, 1.62, 1.62]
		}
	},
	"groups": [
		{
			"name": "Eidolon0",
			"origin": [7, 0, 7],
			"color": 0,
			"children": [
				0,
				1,
				2,
				3,
				{
					"name": "Legs",
					"origin": [7, 4, 8],
					"color": 0,
					"children": [4, 5]
				}
			]
		},
		{
			"name": "Eidolon1",
			"origin": [7, 0, 7],
			"color": 0,
			"children": [
				6,
				7,
				8,
				9,
				{
					"name": "Legs",
					"origin": [7, 4, 8],
					"color": 0,
					"children": [10, 11]
				}
			]
		},
		{
			"name": "Eidolon2",
			"origin": [7, 0, 7],
			"color": 0,
			"children": [
				12,
				13,
				14,
				15,
				{
					"name": "Legs",
					"origin": [7, 4, 8],
					"color": 0,
					"children": [16, 17]
				}
			]
		}
	]
}