{
  "parent": "minecraft:block/cube",
  "textures": {
    "particle": "tcc:block/jewelry_table/front",
    "north": "tcc:block/jewelry_table/front",
    "south": "tcc:block/jewelry_table/front",
    "east": "tcc:block/jewelry_table/side",
    "west": "tcc:block/jewelry_table/side",
    "up": "tcc:block/jewelry_table/top",
    "down": "tcc:block/jewelry_table/bottom"
  },
  "display": {
    "head": {
      "translation": [0, -43.23, 0],
      "scale": [1.601, 1.601, 1.601]
    }
  }
}
