{
	"credit": "Made with Blockbench",
	"texture_size": [64, 64],
	"textures": {
		"0": "manic:entity/monk"
	},
	"elements": [
		{
			"name": "head",
			"from": [3, 21, 4],
			"to": [13, 29, 12],
			"rotation": {"angle": 0, "axis": "y", "origin": [8, 21, 8]},
			"faces": {
				"north": {"uv": [2, 2, 4.5, 4], "texture": "#0", "tintindex": 0},
				"east": {"uv": [0, 2, 2, 4], "texture": "#0", "tintindex": 0},
				"south": {"uv": [6.5, 2, 9, 4], "texture": "#0", "tintindex": 0},
				"west": {"uv": [4.5, 2, 6.5, 4], "texture": "#0", "tintindex": 0},
				"up": {"uv": [4.5, 2, 2, 0], "texture": "#0", "tintindex": 0},
				"down": {"uv": [7, 0, 4.5, 2], "texture": "#0", "tintindex": 0}
			}
		},
		{
			"name": "Snout",
			"from": [6, 21, 3],
			"to": [10, 25, 4],
			"rotation": {"angle": 0, "axis": "y", "origin": [8, 21, 8]},
			"faces": {
				"north": {"uv": [8, 0.5, 9, 1.5], "texture": "#0", "tintindex": 0},
				"east": {"uv": [7.75, 0.5, 8, 1.5], "texture": "#0", "tintindex": 0},
				"south": {"uv": [9.25, 0.5, 10.25, 1.5], "texture": "#0", "tintindex": 0},
				"west": {"uv": [9, 0.5, 9.25, 1.5], "texture": "#0", "tintindex": 0},
				"up": {"uv": [8, 0.25, 9, 0.5], "texture": "#0", "tintindex": 0},
				"down": {"uv": [9, 0.25, 10, 0.5], "texture": "#0", "tintindex": 0}
			}
		},
		{
			"name": "Tusk1",
			"from": [5, 21, 3],
			"to": [6, 23, 4],
			"rotation": {"angle": 0, "axis": "y", "origin": [8, 21, 8]},
			"faces": {
				"north": {"uv": [0.75, 0.25, 1, 0.75], "texture": "#0", "tintindex": 0},
				"east": {"uv": [0.5, 0.25, 0.75, 0.75], "texture": "#0", "tintindex": 0},
				"south": {"uv": [1.25, 0.25, 1.5, 0.75], "texture": "#0", "tintindex": 0},
				"west": {"uv": [1, 0.25, 1.25, 0.75], "texture": "#0", "tintindex": 0},
				"up": {"uv": [0.75, 0, 1, 0.25], "texture": "#0", "tintindex": 0},
				"down": {"uv": [1, 0, 1.25, 0.25], "texture": "#0", "tintindex": 0}
			}
		},
		{
			"name": "Tusk0",
			"from": [10, 21, 3],
			"to": [11, 23, 4],
			"rotation": {"angle": 0, "axis": "y", "origin": [8, 21, 8]},
			"faces": {
				"north": {"uv": [0.75, 0.25, 1, 0.75], "texture": "#0", "tintindex": 0},
				"east": {"uv": [0.5, 0.25, 0.75, 0.75], "texture": "#0", "tintindex": 0},
				"south": {"uv": [1.25, 0.25, 1.5, 0.75], "texture": "#0", "tintindex": 0},
				"west": {"uv": [1, 0.25, 1.25, 0.75], "texture": "#0", "tintindex": 0},
				"up": {"uv": [0.75, 0, 1, 0.25], "texture": "#0", "tintindex": 0},
				"down": {"uv": [1, 0, 1.25, 0.25], "texture": "#0", "tintindex": 0}
			}
		},
		{
			"name": "Ear0",
			"from": [12, 21, 6],
			"to": [13, 26, 10],
			"rotation": {"angle": 22.5, "axis": "z", "origin": [12.5, 26.5, 8]},
			"faces": {
				"north": {"uv": [10.75, 2.5, 11, 3.75], "texture": "#0", "tintindex": 0},
				"east": {"uv": [9.75, 2.5, 10.75, 3.75], "texture": "#0", "tintindex": 0},
				"south": {"uv": [12, 2.5, 12.25, 3.75], "texture": "#0", "tintindex": 0},
				"west": {"uv": [11, 2.5, 12, 3.75], "texture": "#0", "tintindex": 0},
				"up": {"uv": [10.75, 1.5, 11, 2.5], "texture": "#0", "tintindex": 0},
				"down": {"uv": [11, 1.5, 11.25, 2.5], "texture": "#0", "tintindex": 0}
			}
		},
		{
			"name": "Ear1",
			"from": [3, 21, 6],
			"to": [4, 26, 10],
			"rotation": {"angle": -22.5, "axis": "z", "origin": [3.5, 26.5, 8]},
			"faces": {
				"north": {"uv": [10.75, 2.5, 11, 3.75], "texture": "#0", "tintindex": 0},
				"east": {"uv": [9.75, 2.5, 10.75, 3.75], "texture": "#0", "tintindex": 0},
				"south": {"uv": [12, 2.5, 12.25, 3.75], "texture": "#0", "tintindex": 0},
				"west": {"uv": [11, 2.5, 12, 3.75], "texture": "#0", "tintindex": 0},
				"up": {"uv": [10.75, 1.5, 11, 2.5], "texture": "#0", "tintindex": 0},
				"down": {"uv": [11, 1.5, 11.25, 2.5], "texture": "#0", "tintindex": 0}
			}
		}
	],
	"display": {
		"head": {
			"translation": [0, -27.5, 0],
			"scale": [1.6, 1.6, 1.6]
		}
	},
	"groups": [
		0,
		1,
		{
			"name": "Tusks",
			"origin": [8, 21, 8],
			"color": 0,
			"children": [2, 3]
		},
		{
			"name": "Ears",
			"origin": [3.5, 26.5, 8],
			"color": 0,
			"children": [4, 5]
		}
	]
}