{
  "textures": {
    "all": "manic:keeper/all"
  },
  "elements": [
    {
      "from": [
        3.0,
        3.0,
        -1.0
      ],
      "to": [
        13.0,
        6.0,
        -1.0
      ],
      "rotation": {
        "angle": 0.0,
        "axis": "y",
        "origin": [
          0.0,
          0.0,
          0.0
        ]
      },
      "faces": {
        "north": {
          "texture": "#all",
          "tintindex": 0,
          "uv": [
            6.254,
            1.629,
            7.4959999999999996,
            1.996
          ]
        },
        "east": {
          "texture": "#all",
          "tintindex": 0,
          "uv": [
            0.0,
            0.0,
            0.0,
            0.0
          ]
        },
        "south": {
          "texture": "#all",
          "tintindex": 0,
          "uv": [
            7.496,
            1.629,
            6.2540000000000004,
            1.996
          ]
        },
        "west": {
          "texture": "#all",
          "tintindex": 0,
          "uv": [
            0.0,
            0.0,
            0.0,
            0.0
          ]
        },
        "up": {
          "texture": "#all",
          "tintindex": 0,
          "uv": [
            0.0,
            0.0,
            0.0,
            0.0
          ]
        },
        "down": {
          "texture": "#all",
          "tintindex": 0,
          "uv": [
            0.0,
            0.0,
            0.0,
            0.0
          ]
        }
      }
    },
    {
      "from": [
        3.0,
        6.0,
        -1.0
      ],
      "to": [
        13.0,
        9.0,
        8.0
      ],
      "rotation": {
        "angle": 0.0,
        "axis": "y",
        "origin": [
          0.0,
          0.0,
          0.0
        ]
      },
      "faces": {
        "north": {
          "texture": "#all",
          "tintindex": 0,
          "uv": [
            6.254,
            1.254,
            7.4959999999999996,
            1.621
          ]
        },
        "east": {
          "texture": "#all",
          "tintindex": 0,
          "uv": [
            5.129,
            1.254,
            6.2459999999999996,
            1.621
          ]
        },
        "south": {
          "texture": "#all",
          "tintindex": 0,
          "uv": [
            8.754,
            1.254,
            9.995999999999999,
            1.621
          ]
        },
        "west": {
          "texture": "#all",
          "tintindex": 0,
          "uv": [
            7.504,
            1.254,
            8.620999999999999,
            1.621
          ]
        },
        "up": {
          "texture": "#all",
          "tintindex": 0,
          "uv": [
            7.496,
            1.246,
            6.2540000000000004,
            0.129
          ]
        },
        "down": {
          "texture": "#all",
          "tintindex": 0,
          "uv": [
            7.5040000000000004,
            0.129,
            8.746,
            1.246
          ]
        }
      }
    }
  ],
  "display": {
    "head": {
      "rotation": [
        0.0,
        0.0,
        0.0
      ],
      "translation": [
        0.0,
        -6.32,
        0.0
      ],
      "scale": [
        1.601,
        1.601,
        1.601
      ]
    }
  }
}