{
	"credit": "Made with Blockbench",
	"textures": {
		"all": "manic:keeper/all"
	},
	"elements": [
		{
			"from": [7, -15.975, 5],
			"to": [13, 13.025, 11],
			"faces": {
				"north": {"uv": [0.754, 8.504, 1.496, 12.121], "texture": "#all", "tintindex": 0},
				"east": {"uv": [0.004, 8.504, 0.746, 12.121], "texture": "#all", "tintindex": 0},
				"south": {"uv": [2.254, 8.504, 2.996, 12.121], "texture": "#all", "tintindex": 0},
				"west": {"uv": [1.504, 8.504, 2.246, 12.121], "texture": "#all", "tintindex": 0},
				"up": {"uv": [1.496, 8.496, 0.754, 7.754], "texture": "#all", "tintindex": 0},
				"down": {"uv": [1.504, 7.754, 2.246, 8.496], "texture": "#all", "tintindex": 0}
			}
		},
		{
			"from": [6, -3.975, 4],
			"to": [14, 14.025, 12],
			"faces": {
				"north": {"uv": [13.754, 8.754, 14.496, 10.746], "texture": "#all", "tintindex": 0},
				"east": {"uv": [13.004, 8.754, 13.746, 10.746], "texture": "#all", "tintindex": 0},
				"south": {"uv": [15.254, 8.754, 15.996, 10.746], "texture": "#all", "tintindex": 0},
				"west": {"uv": [14.504, 8.754, 15.246, 10.746], "texture": "#all", "tintindex": 0},
				"up": {"uv": [14.496, 8.746, 13.754, 8.004], "texture": "#all", "tintindex": 0},
				"down": {"uv": [0, 0, 0, 0], "texture": "#all", "tintindex": 0}
			}
		},
		{
			"from": [14, 14.025, 12],
			"to": [6, -3.975, 4],
			"faces": {
				"north": {"uv": [15.254, 10.746, 15.996, 8.754], "texture": "#all", "tintindex": 0},
				"east": {"uv": [14.504, 10.746, 15.246, 8.754], "texture": "#all", "tintindex": 0},
				"south": {"uv": [13.754, 10.746, 14.496, 8.754], "texture": "#all", "tintindex": 0},
				"west": {"uv": [13.004, 10.746, 13.746, 8.754], "texture": "#all", "tintindex": 0},
				"up": {"uv": [0, 0, 0, 0], "texture": "#all", "tintindex": 0},
				"down": {"uv": [15.246, 8.004, 14.504, 8.746], "texture": "#all", "tintindex": 0}
			}
		}
	],
	"display": {
		"head": {
			"translation": [0, -8, 0],
			"scale": [1.601, 1.601, 1.601]
		}
	}
}