{
	"credit": "Made with Blockbench",
	"texture_size": [64, 64],
	"textures": {
		"0": "manic:block/corpsepitcher",
		"1": "manic:block/corpsepitcher_liquids",
		"particle": "manic:block/corpsepitcher"
	},
	"elements": [
		{
			"name": "Root",
			"from": [4, 0, 5],
			"to": [12, 4, 13],
			"rotation": {"angle": 0, "axis": "y", "origin": [8, 0.5, 9]},
			"faces": {
				"north": {"uv": [2, 2, 4, 3], "texture": "#0", "tintindex": 0},
				"east": {"uv": [0, 2, 2, 3], "texture": "#0", "tintindex": 0},
				"south": {"uv": [6, 2, 8, 3], "texture": "#0", "tintindex": 0},
				"west": {"uv": [4, 2, 6, 3], "texture": "#0", "tintindex": 0},
				"up": {"uv": [2, 0, 4, 2], "rotation": 180, "texture": "#0", "tintindex": 0},
				"down": {"uv": [4, 0, 6, 2], "texture": "#0", "tintindex": 0}
			}
		},
		{
			"name": "Stem",
			"from": [8, 4, 3],
			"to": [8, 22, 17],
			"rotation": {"angle": 0, "axis": "y", "origin": [8, 4, 9]},
			"faces": {
				"north": {"uv": [0, 0, 0, 0], "texture": "#0", "tintindex": 0},
				"east": {"uv": [0, 3, 3.5, 7.5], "texture": "#0", "tintindex": 0},
				"south": {"uv": [0, 0, 0, 0], "texture": "#0", "tintindex": 0},
				"west": {"uv": [3.5, 3, 0, 7.5], "texture": "#0", "tintindex": 0},
				"up": {"uv": [0, 0, 0, 0], "texture": "#0", "tintindex": 0},
				"down": {"uv": [0, 0, 0, 0], "texture": "#0", "tintindex": 0}
			}
		},
		{
			"name": "Lid",
			"from": [2, 17, 8],
			"to": [14, 27, 11],
			"rotation": {"angle": -22.5, "axis": "x", "origin": [8, 17, 8]},
			"faces": {
				"north": {"uv": [5.5, 11.25, 8.5, 13.75], "rotation": 180, "texture": "#0", "tintindex": 0},
				"east": {"uv": [0, 13.75, 2.5, 14.5], "rotation": 270, "texture": "#0", "tintindex": 0},
				"south": {"uv": [2.5, 11.25, 5.5, 13.75], "texture": "#0", "tintindex": 0},
				"west": {"uv": [5.5, 13.75, 8, 14.5], "rotation": 90, "texture": "#0", "tintindex": 0},
				"up": {"uv": [2.5, 13.75, 5.5, 14.5], "rotation": 180, "texture": "#0", "tintindex": 0},
				"down": {"uv": [8, 13.75, 11, 14.5], "texture": "#0", "tintindex": 0}
			}
		},
		{
			"name": "Cup",
			"from": [4, 11, -1],
			"to": [12, 17, 8],
			"rotation": {"angle": -22.5, "axis": "x", "origin": [8, 17, 8]},
			"faces": {
				"north": {"uv": [11.75, 9.75, 13.75, 11.25], "texture": "#1", "tintindex": 0},
				"east": {"uv": [9.5, 9.75, 11.75, 11.25], "texture": "#1", "tintindex": 0},
				"south": {"uv": [6.5, 9.75, 8.5, 11.25], "texture": "#0", "tintindex": 0},
				"west": {"uv": [13.75, 9.75, 16, 11.25], "texture": "#1", "tintindex": 0},
				"up": {"uv": [11.75, 7.5, 13.75, 9.75], "texture": "#1", "tintindex": 0},
				"down": {"uv": [13.75, 7.5, 15.75, 9.75], "texture": "#1", "tintindex": 0}
			}
		},
		{
			"name": "Beard",
			"from": [4, 6, -1],
			"to": [12, 11, -1],
			"rotation": {"angle": -22.5, "axis": "x", "origin": [8, 17, 8]},
			"faces": {
				"north": {"uv": [0, 14.5, 2, 15.75], "texture": "#0", "tintindex": 0},
				"east": {"uv": [0, 0, 0, 0], "texture": "#0", "tintindex": 0},
				"south": {"uv": [2, 14.5, 0, 15.75], "texture": "#0", "tintindex": 0},
				"west": {"uv": [0, 0, 0, 0], "texture": "#0", "tintindex": 0},
				"up": {"uv": [0, 0, 0, 0], "texture": "#0", "tintindex": 0},
				"down": {"uv": [0, 0, 0, 0], "texture": "#0", "tintindex": 0}
			}
		}
	],
	"display": {
		"ground": {
			"rotation": [0, -180, 0],
			"translation": [0, -9.75, -5.5]
		}
	},
	"groups": [
		{
			"name": "Corpsepitcher",
			"origin": [8, 4, 8],
			"color": 0,
			"children": [
				0,
				1,
				{
					"name": "Mouth",
					"origin": [8, 11, 8],
					"color": 0,
					"children": [
						2,
						{
							"name": "Jaw",
							"origin": [8, 17, 8],
							"color": 0,
							"children": [3, 4]
						}
					]
				}
			]
		}
	]
}