{
	"credit": "Made with Blockbench",
	"texture_size": [64, 64],
	"textures": {
		"0": "manic:entity/wormhole/small",
		"particle": "manic:entity/wormhole/small"
	},
	"elements": [
		{
			"from": [0, 0, 0],
			"to": [16, 0, 16],
			"faces": {
				"north": {"uv": [0, 0, 4, 0], "texture": "#missing"},
				"east": {"uv": [0, 0, 4, 0], "texture": "#missing"},
				"south": {"uv": [0, 0, 4, 0], "texture": "#missing"},
				"west": {"uv": [0, 0, 4, 0], "texture": "#missing"},
				"up": {"uv": [0, 0, 16, 16], "texture": "#0"},
				"down": {"uv": [0, 0, 16, 16], "texture": "#0"}
			}
		}
	],
	"display": {
		"ground": {
			"rotation": [0, -90, 0],
			"translation": [0, -9.7, -6],
			"scale": [1.01, 1.01, 1.01]
		},
		"head": {
			"translation": [0, -23.75, 0],
			"scale": [1.62, 1.62, 1.62]
		}
	}
}