{
  "providers": [
    {
      "type": "space",
      "advances": {
        " ": 4,
        "\uc000": -138,
        "\uc003": -169
      }
    },
    {
      "type": "bitmap",
      "file": "tcc:gui/jewelry_table/recipe_book.png",
      "ascent": 13,
      "height": 133,
      "chars": [
        "\uc001"
      ]
    },
    {
      "type": "bitmap",
      "file": "tcc:gui/jewelry_table/main.png",
      "ascent": 13,
      "height": 176,
      "chars": [
        "\uc002"
      ]
    }
  ]
}
