{
	"credit": "Made with Blockbench",
	"texture_size": [48, 48],
	"textures": {
		"1": "manic:block/podium"
	},
	"elements": [
		{
			"name": "Base",
			"from": [3, 0, 3],
			"to": [13, 4, 13],
			"faces": {
				"north": {"uv": [0, 11.33333, 3.33333, 12.66667], "texture": "#1"},
				"east": {"uv": [0, 11.33333, 3.33333, 12.66667], "texture": "#1"},
				"south": {"uv": [0, 11.33333, 3.33333, 12.66667], "texture": "#1"},
				"west": {"uv": [0, 11.33333, 3.33333, 12.66667], "texture": "#1"},
				"up": {"uv": [3.33333, 11.33333, 0, 8], "texture": "#1"},
				"down": {"uv": [6.66667, 8, 3.33333, 11.33333], "texture": "#1"}
			}
		},
		{
			"name": "Pillar",
			"from": [4, 4, 4],
			"to": [12, 12, 12],
			"faces": {
				"north": {"uv": [0, 5.33333, 2.66667, 8], "texture": "#1"},
				"east": {"uv": [0, 5.33333, 2.66667, 8], "texture": "#1"},
				"south": {"uv": [0, 5.33333, 2.66667, 8], "texture": "#1"},
				"west": {"uv": [0, 5.33333, 2.66667, 8], "texture": "#1"}
			}
		},
		{
			"name": "Top",
			"from": [2, 12, 2],
			"to": [14, 16, 14],
			"faces": {
				"north": {"uv": [0, 4, 4, 5.33333], "texture": "#1"},
				"east": {"uv": [0, 4, 4, 5.33333], "texture": "#1"},
				"south": {"uv": [0, 4, 4, 5.33333], "texture": "#1"},
				"west": {"uv": [0, 4, 4, 5.33333], "texture": "#1"},
				"up": {"uv": [4, 4, 0, 0], "texture": "#1"},
				"down": {"uv": [8, 0, 4, 4], "texture": "#1"}
			}
		}
	],
	"display": {
		"ground": {
			"rotation": [0, -180, 0],
			"translation": [0, -9.5, -6]
		}
	}
}