{
	"credit": "Made with Blockbench",
	"texture_size": [32, 64],
	"textures": {
		"0": "manic:entity/revenant",
		"particle": "manic:entity/revenant"
	},
	"elements": [
		{
			"name": "Skull",
			"from": [4.5, 17, 4.5],
			"to": [11.5, 23, 11.5],
			"rotation": {"angle": -22.5, "axis": "x", "origin": [8, 17, 8]},
			"faces": {
				"north": {"uv": [10, 3.25, 13.5, 4.75], "texture": "#0", "tintindex": 0},
				"east": {"uv": [0, 1.75, 3.5, 3.25], "texture": "#0", "tintindex": 0},
				"south": {"uv": [10.5, 1.75, 14, 3.25], "texture": "#0", "tintindex": 0},
				"west": {"uv": [7, 1.75, 10.5, 3.25], "texture": "#0", "tintindex": 0},
				"up": {"uv": [3.5, 0, 7, 1.75], "rotation": 180, "texture": "#0", "tintindex": 0},
				"down": {"uv": [7, 0, 10.5, 1.75], "texture": "#0", "tintindex": 0}
			}
		},
		{
			"name": "Teeth",
			"from": [5.5, 16, 4.5],
			"to": [10.5, 17, 5.5],
			"rotation": {"angle": -22.5, "axis": "x", "origin": [8, 17, 8]},
			"faces": {
				"north": {"uv": [4, 3.25, 6.5, 3.5], "texture": "#0", "tintindex": 0},
				"east": {"uv": [4, 3.25, 4.5, 3.5], "texture": "#0", "tintindex": 0},
				"south": {"uv": [4, 3.25, 6.5, 3.5], "texture": "#0", "tintindex": 0},
				"west": {"uv": [6, 3.25, 6.5, 3.5], "texture": "#0", "tintindex": 0},
				"down": {"uv": [4, 3.25, 6.5, 3.5], "rotation": 180, "texture": "#0", "tintindex": 0}
			}
		},
		{
			"name": "Torso",
			"from": [4.51, 7.01, 6.51],
			"to": [11.49, 16.99, 9.49],
			"rotation": {"angle": -22.5, "axis": "x", "origin": [8, 17, 8]},
			"faces": {
				"north": {"uv": [1.5, 4.25, 5, 6.75], "texture": "#0", "tintindex": 0},
				"east": {"uv": [0, 4.25, 1.5, 6.75], "texture": "#0", "tintindex": 0},
				"south": {"uv": [6.5, 4.25, 10, 6.75], "texture": "#0", "tintindex": 0},
				"west": {"uv": [5, 4.25, 6.5, 6.75], "texture": "#0", "tintindex": 0},
				"up": {"uv": [1.5, 3.5, 5, 4.25], "rotation": 180, "texture": "#0", "tintindex": 0},
				"down": {"uv": [5, 3.5, 8.5, 4.25], "texture": "#0", "tintindex": 0}
			}
		},
		{
			"name": "Tatters",
			"from": [5.5, 2.5, 10],
			"to": [10.5, 8.5, 13],
			"rotation": {"angle": -45, "axis": "x", "origin": [8, 8.5, 11.5]},
			"faces": {
				"north": {"uv": [7.5, 6.75, 10, 8.25], "texture": "#0", "tintindex": 0},
				"east": {"uv": [6, 6.75, 7.5, 8.25], "texture": "#0", "tintindex": 0},
				"south": {"uv": [11.5, 6.75, 14, 8.25], "texture": "#0", "tintindex": 0},
				"west": {"uv": [10, 6.75, 11.5, 8.25], "texture": "#0", "tintindex": 0}
			}
		},
		{
			"name": "Tatters Inverted",
			"from": [10.5, 8.5, 13],
			"to": [5.5, 2.5, 10],
			"rotation": {"angle": -45, "axis": "x", "origin": [8, 8.5, 11.5]},
			"faces": {
				"north": {"uv": [11.5, 8.25, 14, 6.75], "texture": "#0", "tintindex": 0},
				"east": {"uv": [10, 8.25, 11.5, 6.75], "texture": "#0", "tintindex": 0},
				"south": {"uv": [7.5, 8.25, 10, 6.75], "texture": "#0", "tintindex": 0},
				"west": {"uv": [6, 8.25, 7.5, 6.75], "texture": "#0", "tintindex": 0}
			}
		},
		{
			"name": "Shoulder",
			"from": [11.5, 13, 6.5],
			"to": [14.5, 17, 9.5],
			"rotation": {"angle": 0, "axis": "z", "origin": [11.5, 16, 8]},
			"faces": {
				"north": {"uv": [1.5, 7.5, 3, 8.5], "texture": "#0", "tintindex": 0},
				"east": {"uv": [0, 7.5, 1.5, 8.5], "texture": "#0", "tintindex": 0},
				"south": {"uv": [4.5, 7.5, 6, 8.5], "texture": "#0", "tintindex": 0},
				"west": {"uv": [3, 7.5, 4.5, 8.5], "texture": "#0", "tintindex": 0},
				"up": {"uv": [1.5, 6.75, 3, 7.5], "texture": "#0", "tintindex": 0},
				"down": {"uv": [3, 6.75, 4.5, 7.5], "texture": "#0", "tintindex": 0}
			}
		},
		{
			"name": "Arm",
			"from": [12.5, 1, 8],
			"to": [20.5, 19, 8],
			"rotation": {"angle": 0, "axis": "y", "origin": [11.5, 16, 8]},
			"faces": {
				"north": {"uv": [0, 8.5, 4, 13], "texture": "#0", "tintindex": 0},
				"east": {"uv": [0, 0, 0, 3.25], "texture": "#missing"},
				"south": {"uv": [4, 8.5, 0, 13], "texture": "#0", "tintindex": 0},
				"west": {"uv": [0, 0, 0, 3.25], "texture": "#missing"},
				"up": {"uv": [0, 0, 4.5, 0], "texture": "#missing"},
				"down": {"uv": [0, 0, 4.5, 0], "texture": "#missing"}
			}
		},
		{
			"name": "Shoulder",
			"from": [1.5, 13, 6.5],
			"to": [4.5, 17, 9.5],
			"rotation": {"angle": 0, "axis": "z", "origin": [4.5, 16, 8]},
			"faces": {
				"north": {"uv": [3, 7.5, 1.5, 8.5], "texture": "#0", "tintindex": 0},
				"east": {"uv": [4.5, 7.5, 3, 8.5], "texture": "#0", "tintindex": 0},
				"south": {"uv": [6, 7.5, 4.5, 8.5], "texture": "#0", "tintindex": 0},
				"west": {"uv": [1.5, 7.5, 0, 8.5], "texture": "#0", "tintindex": 0},
				"up": {"uv": [3, 6.75, 1.5, 7.5], "texture": "#0", "tintindex": 0},
				"down": {"uv": [4.5, 6.75, 3, 7.5], "texture": "#0", "tintindex": 0}
			}
		},
		{
			"name": "Arm",
			"from": [-4.5, 1, 8],
			"to": [3.5, 19, 8],
			"rotation": {"angle": 0, "axis": "y", "origin": [4.5, 16, 8]},
			"faces": {
				"north": {"uv": [4, 8.5, 0, 13], "texture": "#0", "tintindex": 0},
				"east": {"uv": [0, 0, 0, 3.25], "texture": "#missing"},
				"south": {"uv": [0, 8.5, 4, 13], "texture": "#0", "tintindex": 0},
				"west": {"uv": [0, 0, 0, 3.25], "texture": "#missing"},
				"up": {"uv": [0, 0, 4.5, 0], "texture": "#missing"},
				"down": {"uv": [0, 0, 4.5, 0], "texture": "#missing"}
			}
		}
	],
	"display": {
		"head": {
			"translation": [0, -18.75, -1.5],
			"scale": [1.62, 1.62, 1.62]
		}
	},
	"groups": [
		{
			"name": "Head",
			"origin": [8, 2, 8],
			"color": 0,
			"children": [0, 1]
		},
		{
			"name": "Torso",
			"origin": [8, 17, 8],
			"color": 0,
			"children": [
				2,
				{
					"name": "Tatters",
					"origin": [-8, -8.5, -11.5],
					"color": 0,
					"children": [3, 4]
				}
			]
		},
		{
			"name": "Arms",
			"origin": [11.5, 11, 8],
			"color": 0,
			"children": [
				{
					"name": "Arm0",
					"origin": [11.5, 11, 8],
					"color": 0,
					"children": [5, 6]
				},
				{
					"name": "Arm1",
					"origin": [11.5, 11, 8],
					"color": 0,
					"children": [7, 8]
				}
			]
		}
	]
}